wals code	name	value	description	latitude	longitude	genus	family	area
xoo	!Xóõ	3	Complex tone system	-24.0	21.5	Tu	Tu	Phonology
ani	//Ani	2	Simple tone system	-18.9166666667	21.9166666667	Khoe-Kwadi	Khoe-Kwadi	Phonology
abk	Abkhaz	1	No tones	43.0833333333	41.0	Northwest Caucasian	Northwest Caucasian	Phonology
acm	Achumawi	2	Simple tone system	41.5	-121.0	Achumawi	Hokan	Phonology
aco	Acoma	3	Complex tone system	34.9166666667	-107.583333333	Keresan	Keresan	Phonology
agh	Aghem	2	Simple tone system	6.66666666667	10.0	Wide Grassfields	Niger-Congo	Phonology
aht	Ahtna	1	No tones	62.0	-145.0	Athapaskan	Na-Dene	Phonology
aik	Aikaná	2	Simple tone system	-12.6666666667	-60.6666666667	Aikaná	Aikaná	Phonology
ain	Ainu	2	Simple tone system	43.0	143.0	Ainu	Ainu	Phonology
akn	Akan	2	Simple tone system	6.5	-1.25	Tano	Niger-Congo	Phonology
akw	Akawaio	1	No tones	6.0	-59.5	Cariban	Cariban	Phonology
ala	Alamblak	1	No tones	-4.66666666667	143.333333333	Sepik Hill	Sepik	Phonology
alw	Alawa	1	No tones	-15.1666666667	134.25	Mara	Mangarrayi-Maran	Phonology
alb	Albanian	1	No tones	41.0	20.0	Albanian	Indo-European	Phonology
aea	Aleut (Eastern)	1	No tones	54.75	-164.0	Aleut	Eskimo-Aleut	Phonology
ald	Alladian	2	Simple tone system	5.16666666667	-4.33333333333	Avikam-Alladian	Niger-Congo	Phonology
ame	Amele	1	No tones	-5.25	145.583333333	Mabuso	Trans-New Guinea	Phonology
amh	Amharic	1	No tones	10.0	38.0	Semitic	Afro-Asiatic	Phonology
amo	Amo	2	Simple tone system	10.3333333333	8.66666666667	Central Kainji	Niger-Congo	Phonology
amu	Amuesha	1	No tones	-10.5	-75.4166666667	Yanesha'	Arawakan	Phonology
amz	Amuzgo	3	Complex tone system	16.8333333333	-98.0	Amuzgoan	Oto-Manguean	Phonology
adk	Andoke	2	Simple tone system	-0.666666666667	-72.0	Andoke	Andoke	Phonology
ant	Angaataha	2	Simple tone system	-7.21666666667	146.25	Angaataha	Trans-New Guinea	Phonology
anc	Angas	3	Complex tone system	9.5	9.5	West Chadic	Afro-Asiatic	Phonology
ao	Ao	3	Complex tone system	26.5833333333	94.6666666667	Central Naga	Sino-Tibetan	Phonology
api	Apinayé	1	No tones	-5.5	-48.0	Je Setentrional	Macro-Ge	Phonology
apu	Apurinã	1	No tones	-9.0	-67.0	Purus	Arawakan	Phonology
arb	Arabela	1	No tones	-2.0	-75.1666666667	Zaparoan	Zaparoan	Phonology
aeg	Arabic (Egyptian)	1	No tones	30.0	31.0	Semitic	Afro-Asiatic	Phonology
ana	Araona	1	No tones	-12.3333333333	-67.75	Tacanan	Pano-Tacanan	Phonology
arp	Arapesh (Mountain)	1	No tones	-3.46666666667	143.166666667	Kombio-Arapesh	Torricelli	Phonology
arc	Archi	1	No tones	42.0	46.8333333333	Lezgic	Nakh-Daghestanian	Phonology
arm	Armenian (Eastern)	1	No tones	40.0	45.0	Armenian	Indo-European	Phonology
amp	Arrernte (Mparntwe)	1	No tones	-24.0	136.0	Central Pama-Nyungan	Pama-Nyungan	Phonology
asm	Asmat	1	No tones	-5.5	138.5	Asmat-Kamrau Bay	Asmat-Kamrau Bay	Phonology
ata	Atayal	1	No tones	24.5	121.333333333	Atayalic	Austronesian	Phonology
ava	Avar	1	No tones	42.5	46.5	Avar-Andic-Tsezic	Nakh-Daghestanian	Phonology
awp	Awa Pit	1	No tones	1.5	-78.25	Barbacoan	Barbacoan	Phonology
awn	Awngi	2	Simple tone system	10.8333333333	36.6666666667	Central Cushitic	Afro-Asiatic	Phonology
aym	Aymara (Central)	1	No tones	-17.0	-69.0	Aymaran	Aymaran	Phonology
aze	Azerbaijani	1	No tones	40.5	48.5	Turkic	Altaic	Phonology
bag	Bagirmi	3	Complex tone system	11.6666666667	16.0	Bongo-Bagirmi	Central Sudanic	Phonology
bai	Bai	3	Complex tone system	26.0	100.0	Macro-Bai	Sino-Tibetan	Phonology
baj	Bajau (Sama)	1	No tones	-4.33333333333	123.0	Sama-Bajaw	Austronesian	Phonology
bki	Bakairí	1	No tones	-14.0	-55.0	Cariban	Cariban	Phonology
bam	Bambara	2	Simple tone system	12.5	-7.5	Western Mande	Mande	Phonology
byu	Bandjalang (Yugumbir)	1	No tones	-27.9166666667	153.0	Southeastern Pama-Nyungan	Pama-Nyungan	Phonology
brd	Bardi	1	No tones	-16.5833333333	122.916666667	Nyulnyulan	Nyulnyulan	Phonology
brb	Bariba	3	Complex tone system	10.0	2.5	Baatonum	Niger-Congo	Phonology
bsk	Bashkir	1	No tones	53.0	58.0	Turkic	Altaic	Phonology
bsq	Basque	1	No tones	43.0	-3.0	Basque	Basque	Phonology
bkr	Batak (Karo)	1	No tones	3.25	98.25	Northwest Sumatra-Barrier Islands	Austronesian	Phonology
bto	Batak (Toba)	1	No tones	2.5	99.0	Northwest Sumatra-Barrier Islands	Austronesian	Phonology
baw	Bawm	2	Simple tone system	22.5	92.25	Kuki-Chin	Sino-Tibetan	Phonology
bee	Beembe	2	Simple tone system	-3.91666666667	14.0833333333	Bantu	Niger-Congo	Phonology
bej	Beja	2	Simple tone system	18.0	36.0	Beja	Afro-Asiatic	Phonology
bco	Bella Coola	1	No tones	52.5	-126.666666667	Bella Coola	Salishan	Phonology
ben	Bengali	1	No tones	24.0	90.0	Indic	Indo-European	Phonology
bma	Berber (Middle Atlas)	1	No tones	33.0	-5.0	Berber	Afro-Asiatic	Phonology
ber	Berta	2	Simple tone system	10.3333333333	34.6666666667	Berta	Berta	Phonology
bir	Birom	3	Complex tone system	9.66666666667	8.83333333333	Benue-Congo Plateau	Niger-Congo	Phonology
bis	Bisa	1	No tones	11.5	-0.5	Eastern Mande	Mande	Phonology
bbf	Bobo Madaré (Northern)	3	Complex tone system	12.4166666666667	-4.3333333333333	Western Mande	Mande	Phonology
bod	Bodo	2	Simple tone system	26.8333333333	92.0	Brahmaputran	Sino-Tibetan	Phonology
brr	Bororo	1	No tones	-16.0	-57.0	Bororoan	Bororoan	Phonology
brh	Brahui	1	No tones	28.5	67.0	Dravidian	Dravidian	Phonology
bre	Breton	1	No tones	48.0	-3.0	Celtic	Indo-European	Phonology
brw	Bru (Western)	1	No tones	16.75	104.75	Katuic	Austro-Asiatic	Phonology
bul	Bulgarian	1	No tones	42.5	25.0	Slavic	Indo-European	Phonology
bua	Burarra	1	No tones	-12.25	134.583333333	Burarran	Mangrida	Phonology
brm	Burmese	3	Complex tone system	21.0	96.0	Burmese-Lolo	Sino-Tibetan	Phonology
bur	Burushaski	1	No tones	36.5	74.5	Burushaski	Burushaski	Phonology
bet	Bété	3	Complex tone system	6.25	-6.25	Kru	Niger-Congo	Phonology
cac	Cacua	2	Simple tone system	1.08333333333	-70.0	Cacua-Nukak	Cacua-Nukak	Phonology
cad	Caddo	2	Simple tone system	33.3333333333	-93.5	Caddo	Caddoan	Phonology
cah	Cahuilla	1	No tones	33.5	-116.25	Northern Uto-Aztecan	Uto-Aztecan	Phonology
cax	Campa (Axininca)	1	No tones	-12.0	-74.0	Pre-Andine Arawakan	Arawakan	Phonology
cam	Camsá	1	No tones	1.16666666667	-77.0	Camsá	Camsá	Phonology
cnl	Canela	1	No tones	-7.0	-45.0	Je Setentrional	Macro-Ge	Phonology
cnt	Cantonese	3	Complex tone system	23.0	113.0	Chinese	Sino-Tibetan	Phonology
car	Carib	1	No tones	5.5	-56.0	Cariban	Cariban	Phonology
ctl	Catalan	1	No tones	41.75	2.0	Romance	Indo-European	Phonology
cyv	Cayuvava	1	No tones	-13.5	-65.5	Cayuvava	Cayuvava	Phonology
chw	Cham (Western)	2	Simple tone system	12.0	105.5	Malayo-Sumbawan	Austronesian	Phonology
cha	Chamorro	1	No tones	13.45	144.75	Chamorro	Austronesian	Phonology
cso	Chatino (Sierra Occidental)	3	Complex tone system	16.25	-97.3333333333	Zapotecan	Oto-Manguean	Phonology
chl	Chehalis (Upper)	1	No tones	46.5833333333	-123.0	Tsamosan	Salishan	Phonology
che	Cherokee	2	Simple tone system	35.5	-83.5	Southern Iroquoian	Iroquoian	Phonology
cck	Chickasaw	1	No tones	34.0	-88.0	Muskogean	Muskogean	Phonology
cti	Chin (Tiddim)	3	Complex tone system	23.3333333333	93.6666666667	Kuki-Chin	Sino-Tibetan	Phonology
cle	Chinantec (Lealao)	3	Complex tone system	17.3333333333	-95.9166666667	Chinantecan	Oto-Manguean	Phonology
chq	Chinantec (Quiotepec)	3	Complex tone system	17.5833333333	-96.6666666667	Chinantecan	Oto-Manguean	Phonology
chp	Chipewyan	2	Simple tone system	59.0	-106.0	Athapaskan	Na-Dene	Phonology
chk	Chukchi	1	No tones	67.0	-173.0	Northern Chukotko-Kamchatkan	Chukotko-Kamchatkan	Phonology
chv	Chuvash	1	No tones	55.5	47.5	Turkic	Altaic	Phonology
cil	CiLuba	2	Simple tone system	-6.0	22.0	Bantu	Niger-Congo	Phonology
ccp	Cocopa	1	No tones	32.3333333333	-115.0	Yuman	Hokan	Phonology
cmn	Comanche	1	No tones	33.5	-101.5	Northern Uto-Aztecan	Uto-Aztecan	Phonology
coo	Coos (Hanis)	1	No tones	43.5	-124.166666667	Coosan	Oregon Coast	Phonology
cre	Cree (Plains)	1	No tones	54.0	-110.0	Algonquian	Algic	Phonology
cub	Cubeo	2	Simple tone system	1.33333333333	-70.5	Tucanoan	Tucanoan	Phonology
dad	Dadibi	2	Simple tone system	-6.55	144.583333333	Teberan	Teberan-Pawaian	Phonology
dgb	Dagbani	2	Simple tone system	9.58333333333	-0.5	Oti-Volta	Niger-Congo	Phonology
dgr	Dagur	1	No tones	48.0	124.0	Mongolic	Altaic	Phonology
dah	Dahalo	2	Simple tone system	-2.33333333333	40.5	Dahalo	Afro-Asiatic	Phonology
ddf	Daju (Dar Fur)	1	No tones	12.25	25.25	Daju	Eastern Sudanic	Phonology
dan	Dan	3	Complex tone system	7.5	-8.0	Eastern Mande	Mande	Phonology
dnw	Dangaléat (Western)	2	Simple tone system	12.1666666667	18.3333333333	East Chadic	Afro-Asiatic	Phonology
dni	Dani (Lower Grand Valley)	1	No tones	-4.33333333333	138.833333333	Dani	Trans-New Guinea	Phonology
dar	Darai	1	No tones	24.0	84.0	Indic	Indo-European	Phonology
det	Deti	2	Simple tone system	-20.5	24.5	Khoe-Kwadi	Khoe-Kwadi	Phonology
die	Diegueño (Mesa Grande)	1	No tones	32.6666666667	-116.166666667	Yuman	Hokan	Phonology
din	Dinka	3	Complex tone system	8.5	28.0	Western Nilotic	Eastern Sudanic	Phonology
dio	Diola-Fogny	1	No tones	13.0	-16.25	Jola	Niger-Congo	Phonology
diy	Diyari	1	No tones	-28.0	139.0	Central Pama-Nyungan	Pama-Nyungan	Phonology
diz	Dizi	3	Complex tone system	6.16666666667	36.5	Dizoid	Afro-Asiatic	Phonology
djp	Djapu	1	No tones	-12.6666666667	136.0	Western Pama-Nyungan	Pama-Nyungan	Phonology
der	Dla (Proper)	1	No tones	-3.58333333333	141.0	Senagi	Senagi	Phonology
don	Dong (Southern)	3	Complex tone system	27.0	109.0	Kam-Tai	Tai-Kadai	Phonology
doy	Doyayo	3	Complex tone system	8.66666666667	13.0833333333	Samba-Duru	Niger-Congo	Phonology
dre	Drehu	1	No tones	-21.0	167.25	Oceanic	Austronesian	Phonology
dum	Dumo	3	Complex tone system	-2.68333333333	141.3	Western Skou	Skou	Phonology
dyi	Dyirbal	1	No tones	-17.8333333333	145.583333333	Northern Pama-Nyungan	Pama-Nyungan	Phonology
efi	Efik	2	Simple tone system	4.91666666667	8.5	Lower Cross	Niger-Congo	Phonology
eja	Ejagham	3	Complex tone system	5.41666666667	8.66666666667	Ekoid-Mbe	Niger-Congo	Phonology
eka	Ekari	2	Simple tone system	-3.83333333333	135.5	Paniai Lakes	Trans-New Guinea	Phonology
eng	English	1	No tones	52.0	0.0	Germanic	Indo-European	Phonology
epe	Epena Pedee	1	No tones	3.0	-77.0	Choco	Choco	Phonology
evn	Even	1	No tones	68.0	130.0	Tungusic	Altaic	Phonology
eve	Evenki	1	No tones	56.0	125.0	Tungusic	Altaic	Phonology
ewe	Ewe	2	Simple tone system	6.33333333333	0.416666666667	Gbe	Niger-Congo	Phonology
ewo	Ewondo	3	Complex tone system	4.0	12.0	Bantu	Niger-Congo	Phonology
eya	Eyak	1	No tones	60.5	-145.0	Eyak	Na-Dene	Phonology
fas	Fasu	2	Simple tone system	-6.58333333333	143.333333333	Fasu	Trans-New Guinea	Phonology
fef	Fe'fe'	3	Complex tone system	5.25	10.1666666667	Wide Grassfields	Niger-Congo	Phonology
fij	Fijian	1	No tones	-17.8333333333	178.0	Oceanic	Austronesian	Phonology
fin	Finnish	1	No tones	62.0	25.0	Finnic	Uralic	Phonology
fre	French	1	No tones	48.0	2.0	Romance	Indo-European	Phonology
ful	Fulniô	2	Simple tone system	-8.0	-37.5	Fulniô	Fulniô	Phonology
fur	Fur	2	Simple tone system	13.5	25.0	Fur	Fur	Phonology
fuz	Fuzhou	3	Complex tone system	26.0	119.5	Chinese	Sino-Tibetan	Phonology
fye	Fyem	2	Simple tone system	9.58333333333	9.33333333333	Benue-Congo Plateau	Niger-Congo	Phonology
gds	Gadsup	3	Complex tone system	-6.25	146.0	Gauwa	Trans-New Guinea	Phonology
gar	Garo	1	No tones	25.6666666667	90.5	Brahmaputran	Sino-Tibetan	Phonology
grr	Garrwa	1	No tones	-17.0833333333	137.166666667	Garrwan	Garrwan	Phonology
gbb	Gbeya Bossangoa	2	Simple tone system	6.66666666667	17.5	Gbaya-Manza-Ngbaka	Niger-Congo	Phonology
gla	Gelao	3	Complex tone system	22.9166666667	105.5	Kadai	Tai-Kadai	Phonology
geo	Georgian	1	No tones	42.0	44.0	Kartvelian	Kartvelian	Phonology
ger	German	1	No tones	52.0	10.0	Germanic	Indo-European	Phonology
goo	Gooniyandi	1	No tones	-18.3333333333	126.333333333	Bunuban	Bunuban	Phonology
gan	Great Andamanese	1	No tones	12.0	92.6666666667	Great Andamanese	Great Andamanese	Phonology
grb	Grebo	3	Complex tone system	5.0	-8.0	Kru	Niger-Congo	Phonology
grk	Greek (Modern)	1	No tones	39.0	22.0	Greek	Indo-European	Phonology
grw	Greenlandic (West)	1	No tones	64.0	-51.0	Eskimo	Eskimo-Aleut	Phonology
gua	Guaraní	1	No tones	-26.0	-56.0	Maweti-Guarani	Tupian	Phonology
gwa	Gwari	3	Complex tone system	9.5	7.0	Nupoid	Niger-Congo	Phonology
ga	Gã	3	Complex tone system	5.66666666667	-0.166666666667	Ga-Dangme	Niger-Congo	Phonology
had	Hadza	2	Simple tone system	-3.75	35.1666666667	Hadza	Hadza	Phonology
hai	Haida	1	No tones	53.0	-132.0	Haida	Haida	Phonology
hak	Hakka	3	Complex tone system	25.0	116.0	Chinese	Sino-Tibetan	Phonology
hmr	Hamer	2	Simple tone system	5.0	36.5	South Omotic	Afro-Asiatic	Phonology
ham	Hamtai	2	Simple tone system	-7.5	146.25	Nuclear Angan	Trans-New Guinea	Phonology
hau	Hausa	2	Simple tone system	12.0	7.0	West Chadic	Afro-Asiatic	Phonology
haw	Hawaiian	1	No tones	19.5833333333	-155.5	Oceanic	Austronesian	Phonology
hba	Hebrew (Modern Ashkenazic)	1	No tones	31.75	35.1666666667	Semitic	Afro-Asiatic	Phonology
hin	Hindi	1	No tones	25.0	77.0	Indic	Indo-European	Phonology
hix	Hixkaryana	1	No tones	-1.0	-59.0	Cariban	Cariban	Phonology
hmo	Hmong Njua	3	Complex tone system	28.0	105.0	Hmongic	Hmong-Mien	Phonology
hop	Hopi	2	Simple tone system	36.0	-110.0	Northern Uto-Aztecan	Uto-Aztecan	Phonology
htc	Huastec	1	No tones	22.0833333333	-99.3333333333	Mayan	Mayan	Phonology
hve	Huave (San Mateo del Mar)	2	Simple tone system	16.2166666667	-95.0	Huavean	Huavean	Phonology
hum	Huitoto (Murui)	1	No tones	-1.0	-73.5	Witoto	Witotoan	Phonology
hun	Hungarian	1	No tones	47.0	20.0	Ugric	Uralic	Phonology
hzb	Hunzib	1	No tones	42.1666666667	46.25	Avar-Andic-Tsezic	Nakh-Daghestanian	Phonology
hup	Hupa	1	No tones	41.0833333333	-123.666666667	Athapaskan	Na-Dene	Phonology
iaa	Iaai	1	No tones	-20.4166666667	166.583333333	Oceanic	Austronesian	Phonology
iba	Iban	1	No tones	2.0	112.0	Malayo-Sumbawan	Austronesian	Phonology
igb	Igbo	2	Simple tone system	6.0	7.33333333333	Igboid	Niger-Congo	Phonology
ijo	Ijo (Kolokuma)	2	Simple tone system	4.91666666667	5.66666666667	Ijoid	Ijoid	Phonology
ik	Ik	2	Simple tone system	3.75	34.1666666667	Kuliak	Eastern Sudanic	Phonology
ika	Ika	1	No tones	10.6666666667	-73.75	Arhuacic	Chibchan	Phonology
imo	Imonda	1	No tones	-3.33333333333	141.166666667	Border	Border	Phonology
ind	Indonesian	1	No tones	0.0	106.0	Malayo-Sumbawan	Austronesian	Phonology
igs	Ingessana	2	Simple tone system	11.5	34.0	Eastern Jebel	Eastern Sudanic	Phonology
ing	Ingush	1	No tones	43.1666666667	45.0833333333	Nakh	Nakh-Daghestanian	Phonology
irx	Iranxe	1	No tones	-13.0	-58.0	Iranxe	Iranxe	Phonology
irq	Iraqw	2	Simple tone system	-4.0	35.5	Southern Cushitic	Afro-Asiatic	Phonology
irr	Irarutu	1	No tones	-3.0	133.5	South Halmahera - West New Guinea	Austronesian	Phonology
ird	Irish (Donegal)	1	No tones	55.0	-8.0	Celtic	Indo-European	Phonology
iso	Isoko	2	Simple tone system	5.5	6.25	Edoid	Niger-Congo	Phonology
iva	Ivatan	1	No tones	20.5	122.0	Batanic	Austronesian	Phonology
jak	Jakaltek	1	No tones	15.6666666667	-91.6666666667	Mayan	Mayan	Phonology
jpn	Japanese	2	Simple tone system	37.0	140.0	Japanese	Japanese	Phonology
jpr	Japreria	1	No tones	10.5	-73.0	Cariban	Cariban	Phonology
jaq	Jaqaru	1	No tones	-13.0	-76.0	Aymaran	Aymaran	Phonology
jav	Javanese	1	No tones	-7.0	111.0	Javanese	Austronesian	Phonology
jeb	Jebero	1	No tones	-5.41666666667	-76.5	Cahuapanan	Cahuapanan	Phonology
jeh	Jeh	1	No tones	15.1666666667	107.833333333	Bahnaric	Austro-Asiatic	Phonology
jng	Jingpho	3	Complex tone system	25.4166666667	97.0	Brahmaputran	Sino-Tibetan	Phonology
jom	Jomang	2	Simple tone system	10.5833333333	30.5	Talodi	Kordofanian	Phonology
juh	Ju|'hoan	3	Complex tone system	-19.0	21.0	Ju-Kung	Kxa	Phonology
kab	Kabardian	1	No tones	43.5	43.5	Northwest Caucasian	Northwest Caucasian	Phonology
kad	Kadugli	3	Complex tone system	11.0	29.6666666667	Kadugli	Kadu	Phonology
kng	Kaingang	1	No tones	-26.0	-52.0	Je Meridional	Macro-Ge	Phonology
kly	Kala Lagaw Ya	1	No tones	-10.1166666667	142.116666667	Northern Pama-Nyungan	Pama-Nyungan	Phonology
kal	Kalami	2	Simple tone system	35.5	72.5	Indic	Indo-European	Phonology
kgu	Kalkatungu	1	No tones	-21.0	139.5	Northern Pama-Nyungan	Pama-Nyungan	Phonology
knk	Kanakuru	2	Simple tone system	10.0	12.0	West Chadic	Afro-Asiatic	Phonology
knd	Kannada	1	No tones	14.0	76.0	Dravidian	Dravidian	Phonology
knr	Kanuri	2	Simple tone system	12.0	13.0	Western Saharan	Saharan	Phonology
ksg	Karen (Sgaw)	3	Complex tone system	18.0	97.0	Karen	Sino-Tibetan	Phonology
krk	Karok	2	Simple tone system	41.6666666667	-123.0	Karok	Hokan	Phonology
kas	Kashmiri	1	No tones	34.0	76.0	Indic	Indo-European	Phonology
kws	Kawaiisu	1	No tones	36.0	-117.5	Northern Uto-Aztecan	Uto-Aztecan	Phonology
kyl	Kayah Li (Eastern)	3	Complex tone system	19.0	97.5	Karen	Sino-Tibetan	Phonology
kay	Kayardild	1	No tones	-17.05	139.5	Tangkic	Tangkic	Phonology
ked	Kedang	1	No tones	-8.25	123.75	Central Malayo-Polynesian	Austronesian	Phonology
kef	Kefa	2	Simple tone system	7.25	36.25	Ta-Ne-Omotic	Afro-Asiatic	Phonology
ker	Kera	3	Complex tone system	9.83333333333	15.0833333333	East Chadic	Afro-Asiatic	Phonology
ket	Ket	1	No tones	64.0	87.0	Yeniseian	Yeniseian	Phonology
kew	Kewa	2	Simple tone system	-6.5	143.833333333	Enga_Kewa-Huli	Trans-New Guinea	Phonology
kha	Khalkha	1	No tones	47.0	105.0	Mongolic	Altaic	Phonology
kty	Khanty	1	No tones	65.0	65.0	Ugric	Uralic	Phonology
khr	Kharia	1	No tones	22.5	84.3333333333	Munda	Austro-Asiatic	Phonology
khs	Khasi	1	No tones	25.5	92.0	Khasian	Austro-Asiatic	Phonology
khm	Khmer	1	No tones	12.5	105.0	Khmer	Austro-Asiatic	Phonology
kmu	Khmu'	2	Simple tone system	21.0	102.0	Khmuic	Austro-Asiatic	Phonology
klv	Kilivila	1	No tones	-8.5	151.083333333	Oceanic	Austronesian	Phonology
kio	Kiowa	2	Simple tone system	37.0	-99.0	Kiowa-Tanoan	Kiowa-Tanoan	Phonology
kgz	Kirghiz	1	No tones	42.0	75.0	Turkic	Altaic	Phonology
krb	Kiribati	1	No tones	1.33333333333	173.0	Oceanic	Austronesian	Phonology
kss	Kisi (Southern)	2	Simple tone system	8.5	-10.25	Southern Mel	Niger-Congo	Phonology
kiw	Kiwai (Southern)	2	Simple tone system	-8.0	143.5	Kiwaian	Trans-New Guinea	Phonology
klm	Klamath	1	No tones	42.5	-121.5	Klamath-Modoc	Penutian	Phonology
kla	Klao	3	Complex tone system	4.75	-8.75	Kru	Niger-Congo	Phonology
koa	Koasati	3	Complex tone system	34.8333333333	-85.1666666667	Muskogean	Muskogean	Phonology
kob	Kobon	1	No tones	-5.16666666667	144.333333333	Kalam-Kobon	Trans-New Guinea	Phonology
koh	Kohumono	3	Complex tone system	6.0	8.11666666667	Upper Cross	Niger-Congo	Phonology
koi	Koiari	2	Simple tone system	-9.5	147.333333333	Koiarian	Trans-New Guinea	Phonology
kzy	Komi-Zyrian	1	No tones	65.0	55.0	Permic	Uralic	Phonology
kom	Komo	3	Complex tone system	8.75	33.75	Koman	Koman	Phonology
kkn	Konkani	1	No tones	15.25	74.0	Indic	Indo-European	Phonology
kgi	Konyagi	2	Simple tone system	12.5	-13.25	Tenda	Niger-Congo	Phonology
kor	Korean	1	No tones	37.5	128.0	Korean	Korean	Phonology
kfe	Koromfe	1	No tones	14.25	-0.916666666667	Koromfe	Niger-Congo	Phonology
kry	Koryak	1	No tones	61.0	167.0	Northern Chukotko-Kamchatkan	Chukotko-Kamchatkan	Phonology
kot	Kota	1	No tones	11.5	77.1666666667	Dravidian	Dravidian	Phonology
ktk	Kotoko	2	Simple tone system	11.3333333333	15.3333333333	Biu-Mandara	Afro-Asiatic	Phonology
koy	Koya	1	No tones	17.5	81.3333333333	Dravidian	Dravidian	Phonology
kch	Koyra Chiini	1	No tones	17.0	-3.0	Songhay	Songhay	Phonology
kpa	Kpan	3	Complex tone system	7.58333333333	10.1666666667	Jukunoid	Niger-Congo	Phonology
kpe	Kpelle	3	Complex tone system	7.0	-10.0	Western Mande	Mande	Phonology
kro	Krongo	2	Simple tone system	10.5	30.0	Kadugli	Kadu	Phonology
kya	Kuku-Yalanji	1	No tones	-16.0	145.0	Northern Pama-Nyungan	Pama-Nyungan	Phonology
kul	Kullo	2	Simple tone system	6.75	37.0833333333	Ta-Ne-Omotic	Afro-Asiatic	Phonology
kun	Kuna	1	No tones	8.0	-77.3333333333	Kuna	Chibchan	Phonology
knm	Kunama	2	Simple tone system	14.5	37.0	Kunama	Kunama	Phonology
kmp	Kunimaipa	1	No tones	-8.0	146.833333333	Core Goilalan	Trans-New Guinea	Phonology
krd	Kurdish (Central)	1	No tones	36.0	44.0	Iranian	Indo-European	Phonology
kut	Kutenai	1	No tones	49.5	-116.0	Kutenai	Kutenai	Phonology
kwa	Kwaio	1	No tones	-8.95	161.0	Oceanic	Austronesian	Phonology
kwk	Kwakw'ala	1	No tones	51.0	-127.0	Northern Wakashan	Wakashan	Phonology
lad	Ladakhi	1	No tones	34.0	78.0	Bodic	Sino-Tibetan	Phonology
lah	Lahu	3	Complex tone system	20.0	98.1666666667	Burmese-Lolo	Sino-Tibetan	Phonology
lak	Lak	1	No tones	42.1666666667	47.1666666667	Lak	Nakh-Daghestanian	Phonology
lkt	Lakhota	1	No tones	43.8333333333	-101.833333333	Mississippi Valley Siouan	Siouan	Phonology
lkk	Lakkia	3	Complex tone system	24.0833333333	110.166666667	Kadai	Tai-Kadai	Phonology
lam	Lamé	3	Complex tone system	9.0	14.5	Masa	Afro-Asiatic	Phonology
lan	Lango	2	Simple tone system	2.16666666667	33.0	Western Nilotic	Eastern Sudanic	Phonology
lat	Latvian	2	Simple tone system	57.0	24.0	Baltic	Indo-European	Phonology
lav	Lavukaleve	1	No tones	-9.08333333333	159.2	Lavukaleve	Solomons East Papuan	Phonology
llm	Lelemi	2	Simple tone system	7.33333333333	0.5	Na-Togo	Niger-Congo	Phonology
len	Lenakel	1	No tones	-19.45	169.25	Oceanic	Austronesian	Phonology
lez	Lezgian	1	No tones	41.6666666667	47.8333333333	Lezgic	Nakh-Daghestanian	Phonology
lua	Lua	3	Complex tone system	9.75	17.75	Bua	Niger-Congo	Phonology
lug	Lugbara	3	Complex tone system	3.08333333333	30.9166666667	Moru-Ma'di	Central Sudanic	Phonology
lui	Luiseño	1	No tones	33.3333333333	-117.166666667	Northern Uto-Aztecan	Uto-Aztecan	Phonology
luo	Luo	2	Simple tone system	-0.5	34.75	Western Nilotic	Eastern Sudanic	Phonology
lus	Lushootseed	1	No tones	48.0	-122.0	Central Salish	Salishan	Phonology
kkv	Lusi	1	No tones	-5.58333333333	149.666666667	Oceanic	Austronesian	Phonology
luv	Luvale	2	Simple tone system	-12.0	22.0	Bantu	Niger-Congo	Phonology
lu	Lü	3	Complex tone system	22.0	100.666666667	Kam-Tai	Tai-Kadai	Phonology
mya	Ma'ya	3	Complex tone system	-1.25	130.916666667	South Halmahera - West New Guinea	Austronesian	Phonology
maa	Maasai	2	Simple tone system	-3.0	36.0	Eastern Nilotic	Eastern Sudanic	Phonology
mab	Maba	2	Simple tone system	13.75	20.8333333333	Maban	Maban	Phonology
mne	Maidu (Northeast)	1	No tones	40.0	-120.666666667	Maiduan	Penutian	Phonology
mak	Makah	1	No tones	48.3333333333	-124.666666667	Southern Wakashan	Wakashan	Phonology
mal	Malagasy	1	No tones	-20.0	47.0	Barito	Austronesian	Phonology
mlk	Malakmalak	1	No tones	-13.4166666667	130.416666667	Northern Daly	Northern Daly	Phonology
mla	Mambila	3	Complex tone system	6.75	11.5	Mambiloid	Niger-Congo	Phonology
mnd	Mandarin	3	Complex tone system	34.0	110.0	Chinese	Sino-Tibetan	Phonology
myi	Mangarrayi	1	No tones	-14.6666666667	133.5	Mangarrayi	Mangarrayi-Maran	Phonology
mgg	Mangghuer	1	No tones	36.0	102.0	Mongolic	Altaic	Phonology
mao	Maori	1	No tones	-40.0	176.0	Oceanic	Austronesian	Phonology
map	Mapudungun	1	No tones	-38.0	-72.0	Araucanian	Araucanian	Phonology
mrn	Maranao	1	No tones	7.83333333333	124.25	Greater Central Philippine	Austronesian	Phonology
mku	Maranungku	1	No tones	-13.6666666667	130.0	Wagaydy	Western Daly	Phonology
mrg	Margi	2	Simple tone system	11.0	13.0	Biu-Mandara	Afro-Asiatic	Phonology
mar	Maricopa	1	No tones	33.1666666667	-113.166666667	Yuman	Hokan	Phonology
mrd	Marind	1	No tones	-7.83333333333	140.166666667	Marind-Yaqay	Trans-New Guinea	Phonology
mrt	Martuthunira	1	No tones	-20.8333333333	116.5	Western Pama-Nyungan	Pama-Nyungan	Phonology
mau	Maung	1	No tones	-11.9166666667	133.5	Iwaidjan	Iwaidjan	Phonology
max	Maxakalí	1	No tones	-18.0	-40.0	Maxakalian	Macro-Ge	Phonology
may	Maybrat	1	No tones	-1.33333333333	132.5	Maybrat	Maybrat	Phonology
maz	Mazahua	2	Simple tone system	19.4166666667	-99.9166666667	Otomian	Oto-Manguean	Phonology
mzc	Mazatec (Chiquihuitlán)	3	Complex tone system	17.75	-96.9166666667	Popolocan	Oto-Manguean	Phonology
mba	Mba	3	Complex tone system	1.0	25.0	Ubangi	Niger-Congo	Phonology
mbb	Mbabaram	1	No tones	-17.1666666667	145.0	Northern Pama-Nyungan	Pama-Nyungan	Phonology
mbm	Mbum	2	Simple tone system	7.75	13.1666666667	Mbumic	Niger-Congo	Phonology
mei	Meithei	2	Simple tone system	24.75	94.0	Manipuri	Sino-Tibetan	Phonology
mie	Mien	3	Complex tone system	25.0	111.0	Mienic	Hmong-Mien	Phonology
hok	Min (Southern)	3	Complex tone system	25.0	118.0	Chinese	Sino-Tibetan	Phonology
mss	Miwok (Southern Sierra)	1	No tones	37.5	-120.0	Miwok	Penutian	Phonology
mtp	Mixe (Totontepec)	1	No tones	17.25	-96.0	Mixe-Zoque	Mixe-Zoque	Phonology
mxc	Mixtec (Chalcatongo)	3	Complex tone system	17.05	-97.5833333333	Mixtec	Oto-Manguean	Phonology
mxm	Mixtec (Molinos)	3	Complex tone system	17.0	-97.5833333333	Mixtec	Oto-Manguean	Phonology
mog	Moghol	1	No tones	35.0	62.0	Mongolic	Altaic	Phonology
mor	Mor	2	Simple tone system	-2.95	135.75	South Halmahera - West New Guinea	Austronesian	Phonology
mro	Moro	2	Simple tone system	11.0	30.1666666667	Heiban	Kordofanian	Phonology
mov	Movima	1	No tones	-13.8333333333	-65.6666666667	Movima	Movima	Phonology
mui	Muinane	2	Simple tone system	-1.0	-72.5	Boran	Boran	Phonology
mum	Mumuye	3	Complex tone system	9.0	11.6666666667	Mumuye-Yandang	Niger-Congo	Phonology
mun	Mundari	1	No tones	23.0	84.6666666667	Munda	Austro-Asiatic	Phonology
mrl	Murle	2	Simple tone system	6.5	33.5	South Surmic	Eastern Sudanic	Phonology
mpa	Murrinh-Patha	1	No tones	-14.6666666667	129.666666667	Murrinh-Patha	Southern Daly	Phonology
nhn	Nahuatl (North Puebla)	1	No tones	20.0	-98.25	Aztecan	Uto-Aztecan	Phonology
nht	Nahuatl (Tetelcingo)	1	No tones	19.6666666667	-99.0	Aztecan	Uto-Aztecan	Phonology
kho	Nama	3	Complex tone system	-25.5	18.0	Khoe-Kwadi	Khoe-Kwadi	Phonology
nmb	Nambikuára (Southern)	3	Complex tone system	-14.0	-59.5	Nambikuaran	Nambikuaran	Phonology
nai	Nanai	1	No tones	49.5	137.0	Tungusic	Altaic	Phonology
nnc	Nancowry	1	No tones	8.05	93.5	Nicobarese	Austro-Asiatic	Phonology
nan	Nandi	2	Simple tone system	0.25	35.0	Eastern Nilotic	Eastern Sudanic	Phonology
nar	Nara (in Ethiopia)	2	Simple tone system	15.0833333333	37.5833333333	Nara	Eastern Sudanic	Phonology
nav	Navajo	2	Simple tone system	36.1666666667	-108.0	Athapaskan	Na-Dene	Phonology
nax	Naxi	3	Complex tone system	27.5	100.0	Na-Qiangic	Sino-Tibetan	Phonology
ndt	Ndut	3	Complex tone system	14.9166666667	-16.9166666667	Cangin	Niger-Congo	Phonology
ndy	Ndyuka	2	Simple tone system	4.5	-54.5	Creoles and Pidgins	other	Phonology
ntu	Nenets	1	No tones	70.0	76.0	Samoyedic	Uralic	Phonology
nap	Neo-Aramaic (Persian Azerbaijan)	1	No tones	38.0	47.0	Semitic	Afro-Asiatic	Phonology
nep	Nepali	1	No tones	28.0	85.0	Indic	Indo-European	Phonology
new	Newari (Kathmandu)	1	No tones	27.6666666667	85.5	Himalayish	Sino-Tibetan	Phonology
nez	Nez Perce	1	No tones	46.0	-116.0	Sahaptian	Penutian	Phonology
nga	Nganasan	1	No tones	71.0	93.0	Samoyedic	Uralic	Phonology
nti	Ngiti	3	Complex tone system	1.33333333333	30.25	Lendu	Central Sudanic	Phonology
ngi	Ngiyambaa	1	No tones	-31.75	145.5	Southeastern Pama-Nyungan	Pama-Nyungan	Phonology
ngz	Ngizim	2	Simple tone system	12.0833333333	10.9166666667	West Chadic	Afro-Asiatic	Phonology
chu	Nivacle	1	No tones	-23.5	-60.5	Matacoan	Matacoan	Phonology
niv	Nivkh	2	Simple tone system	53.3333333333	142.0	Nivkh	Nivkh	Phonology
nko	Nkore-Kiga	2	Simple tone system	-0.916666666667	29.8333333333	Bantu	Niger-Congo	Phonology
nob	Nobiin	2	Simple tone system	21.0	31.0	Nubian	Eastern Sudanic	Phonology
non	Noni	3	Complex tone system	6.41666666667	10.5833333333	Beboid	Niger-Congo	Phonology
nor	Norwegian	2	Simple tone system	61.0	8.0	Germanic	Indo-European	Phonology
nun	Nung (in Vietnam)	3	Complex tone system	21.9166666667	106.416666667	Kam-Tai	Tai-Kadai	Phonology
nug	Nunggubuyu	1	No tones	-13.75	135.666666667	Nunggubuyu	Gunwinyguan	Phonology
nuu	Nuuchahnulth	1	No tones	49.6666666667	-126.666666667	Southern Wakashan	Wakashan	Phonology
nkt	Nyah Kur (Tha Pong)	2	Simple tone system	15.6666666667	101.666666667	Monic	Austro-Asiatic	Phonology
nyg	Nyangi	2	Simple tone system	3.41666666667	33.5833333333	Kuliak	Eastern Sudanic	Phonology
nyi	Nyimang	3	Complex tone system	12.1666666667	29.3333333333	Nyimang	Eastern Sudanic	Phonology
nis	Nyishi	2	Simple tone system	27.5	93.5	Tani	Sino-Tibetan	Phonology
ood	O'odham	1	No tones	32.0	-112.0	Tepiman	Uto-Aztecan	Phonology
oca	Ocaina	2	Simple tone system	-2.75	-71.75	Witoto	Witotoan	Phonology
ogb	Ogbia	2	Simple tone system	4.66666666667	6.25	Central Delta	Niger-Congo	Phonology
oji	Ojibwa (Eastern)	1	No tones	46.0	-80.0	Algonquian	Algic	Phonology
ond	Oneida	2	Simple tone system	43.0	-75.6666666667	Northern Iroquoian	Iroquoian	Phonology
orm	Ormuri	1	No tones	32.5	69.75	Iranian	Indo-European	Phonology
orh	Oromo (Harar)	3	Complex tone system	9.0	42.0	Lowland East Cushitic	Afro-Asiatic	Phonology
otm	Otomí (Mezquital)	2	Simple tone system	20.1666666667	-99.1666666667	Otomian	Oto-Manguean	Phonology
pms	Paamese	1	No tones	-16.5	168.25	Oceanic	Austronesian	Phonology
pac	Pacoh	1	No tones	16.4166666667	107.083333333	Katuic	Austro-Asiatic	Phonology
pai	Paiwan	1	No tones	22.5	120.833333333	Paiwan	Austronesian	Phonology
pnr	Panare	1	No tones	6.5	-66.0	Cariban	Cariban	Phonology
puk	Parauk	1	No tones	23.25	99.5	Palaungic	Austro-Asiatic	Phonology
psh	Pashto	1	No tones	33.0	67.0	Iranian	Indo-European	Phonology
psm	Passamaquoddy-Maliseet	2	Simple tone system	45.0	-67.0	Algonquian	Algic	Phonology
pau	Paumarí	1	No tones	-6.0	-64.0	Arauan	Arauan	Phonology
paw	Pawaian	2	Simple tone system	-7.0	145.083333333	Pawaian	Teberan-Pawaian	Phonology
pec	Pech	2	Simple tone system	15.0	-85.5	Pech	Chibchan	Phonology
prs	Persian	1	No tones	32.0	54.0	Iranian	Indo-European	Phonology
phl	Phlong	3	Complex tone system	15.0	99.0	Karen	Sino-Tibetan	Phonology
prh	Pirahã	2	Simple tone system	-7.0	-62.0	Mura	Mura	Phonology
pit	Pitjantjatjara	1	No tones	-26.0	130.0	Western Pama-Nyungan	Pama-Nyungan	Phonology
poa	Po-Ai	3	Complex tone system	-20.6666666667	164.833333333	Oceanic	Austronesian	Phonology
poh	Pohnpeian	1	No tones	6.88333333333	158.25	Oceanic	Austronesian	Phonology
pol	Polish	1	No tones	52.0	20.0	Slavic	Indo-European	Phonology
pur	Purépecha	1	No tones	19.5	-101.666666667	Tarascan	Tarascan	Phonology
pae	Páez	1	No tones	2.66666666667	-76.0	Páezan	Páezan	Phonology
bng	Qaqet	1	No tones	-4.58333333333	152.0	Baining	Baining	Phonology
qaw	Qawasqar	1	No tones	-49.0	-75.0	Alacalufan	Alacalufan	Phonology
qco	Quechua (Cochabamba)	1	No tones	-17.5	-66.0	Quechuan	Quechuan	Phonology
qui	Quileute	2	Simple tone system	47.9166666667	-124.25	Chimakuan	Chimakuan	Phonology
ram	Rama	1	No tones	11.75	-83.75	Rama	Chibchan	Phonology
rap	Rapanui	1	No tones	-27.1166666667	-109.366666667	Oceanic	Austronesian	Phonology
res	Resígaro	2	Simple tone system	-2.41666666667	-71.5	Japura-Colombia	Arawakan	Phonology
rom	Romanian	1	No tones	46.0	25.0	Romance	Indo-European	Phonology
rsc	Romansch (Scharans)	1	No tones	46.75	9.5	Romance	Indo-European	Phonology
ror	Roro	1	No tones	-8.75	146.583333333	Oceanic	Austronesian	Phonology
rtk	Rotokas	1	No tones	-6.0	155.166666667	North Bougainville	North Bougainville	Phonology
ruk	Rukai (Tanan)	1	No tones	22.8333333333	120.833333333	Rukai	Austronesian	Phonology
rus	Russian	1	No tones	56.0	38.0	Slavic	Indo-European	Phonology
rut	Rutul	2	Simple tone system	41.5	47.4166666667	Lezgic	Nakh-Daghestanian	Phonology
scs	Saami (Central-South)	1	No tones	64.6666666667	16.75	Saami	Uralic	Phonology
sdw	Sandawe	2	Simple tone system	-5.0	35.0	Sandawe	Sandawe	Phonology
san	Sango	2	Simple tone system	5.0	18.0	Ubangi	Niger-Congo	Phonology
snm	Sanuma	1	No tones	4.5	-64.6666666667	Yanomam	Yanomam	Phonology
svs	Savosavo	1	No tones	-9.13333333333	159.8	Savosavo	Solomons East Papuan	Phonology
sed	Sedang	1	No tones	14.8333333333	108.0	Bahnaric	Austro-Asiatic	Phonology
sel	Selknam	1	No tones	-53.0	-70.0	Chonan Proper	Chonan	Phonology
sml	Semelai	1	No tones	3.0	103.0	Aslian	Austro-Asiatic	Phonology
snd	Senadi	3	Complex tone system	9.5	-6.25	Senufo	Niger-Congo	Phonology
snc	Seneca	1	No tones	42.5	-77.5	Northern Iroquoian	Iroquoian	Phonology
sha	Shan	3	Complex tone system	22.0	98.0	Kam-Tai	Tai-Kadai	Phonology
shs	Shasta	2	Simple tone system	41.8333333333	-122.666666667	Shasta	Hokan	Phonology
shk	Shipibo-Konibo	1	No tones	-7.5	-75.0	Panoan	Pano-Tacanan	Phonology
shi	Shiriana	1	No tones	3.5	-62.8333333333	Yanomam	Yanomam	Phonology
shu	Shuswap	1	No tones	52.0	-120.0	Interior Salish	Salishan	Phonology
sdh	Sindhi	1	No tones	26.0	69.0	Indic	Indo-European	Phonology
snh	Sinhala	1	No tones	7.0	80.5	Indic	Indo-European	Phonology
srn	Sirionó	1	No tones	-15.5833333333	-64.0	Maweti-Guarani	Tupian	Phonology
sla	Slave	2	Simple tone system	67.0	-125.0	Athapaskan	Na-Dene	Phonology
som	Somali	2	Simple tone system	3.0	45.0	Lowland East Cushitic	Afro-Asiatic	Phonology
soq	Soqotri	1	No tones	12.5	54.0	Semitic	Afro-Asiatic	Phonology
sor	Sora	1	No tones	20.0	84.3333333333	Munda	Austro-Asiatic	Phonology
spa	Spanish	1	No tones	40.0	-4.0	Romance	Indo-European	Phonology
squ	Squamish	1	No tones	49.6666666667	-123.166666667	Central Salish	Salishan	Phonology
sre	Sre	2	Simple tone system	11.5	108.0	Bahnaric	Austro-Asiatic	Phonology
sue	Suena	2	Simple tone system	-7.75	147.55	Binanderean	Trans-New Guinea	Phonology
sui	Sui	3	Complex tone system	26.0	107.5	Kam-Tai	Tai-Kadai	Phonology
sup	Supyire	3	Complex tone system	11.5	-5.58333333333	Senufo	Niger-Congo	Phonology
swa	Swahili	1	No tones	-6.5	39.0	Bantu	Niger-Congo	Phonology
sba	Sáliba (in Colombia)	1	No tones	6.0	-70.0	Sáliba	Sáliban	Phonology
tab	Taba	1	No tones	0.0	127.5	South Halmahera - West New Guinea	Austronesian	Phonology
tac	Tacana	1	No tones	-13.5	-68.0	Tacanan	Pano-Tacanan	Phonology
tag	Tagalog	1	No tones	15.0	121.0	Greater Central Philippine	Austronesian	Phonology
tma	Tama	3	Complex tone system	14.5	22.0	Taman	Eastern Sudanic	Phonology
tam	Tamang (Eastern)	2	Simple tone system	27.5	85.666666666667	Bodic	Sino-Tibetan	Phonology
tmp	Tampulma	2	Simple tone system	10.4166666667	-0.583333333333	Grusi	Niger-Congo	Phonology
tok	Tarok	3	Complex tone system	9.0	10.0833333333	Benue-Congo Plateau	Niger-Congo	Phonology
tas	Tashlhiyt	1	No tones	31.0	-5.0	Berber	Afro-Asiatic	Phonology
tsg	Tausug	1	No tones	6.0	121.0	Greater Central Philippine	Austronesian	Phonology
teh	Tehuelche	1	No tones	-48.0	-68.0	Chonan Proper	Chonan	Phonology
tks	Teke (Southern)	2	Simple tone system	-2.33333333333	14.5	Bantu	Niger-Congo	Phonology
tel	Telugu	1	No tones	16.0	79.0	Dravidian	Dravidian	Phonology
tmn	Temein	2	Simple tone system	11.9166666667	29.4166666667	Temein	Eastern Sudanic	Phonology
tne	Temne	2	Simple tone system	8.66666666667	-13.0833333333	Northern Mel	Niger-Congo	Phonology
ter	Tera	3	Complex tone system	11.0	11.8333333333	Biu-Mandara	Afro-Asiatic	Phonology
ttn	Tetun	1	No tones	-9.0	126.0	Central Malayo-Polynesian	Austronesian	Phonology
tha	Thai	3	Complex tone system	16.0	101.0	Kam-Tai	Tai-Kadai	Phonology
tib	Tibetan (Standard Spoken)	2	Simple tone system	30.0	91.0	Bodic	Sino-Tibetan	Phonology
tic	Ticuna	3	Complex tone system	-4.0	-70.5	Ticuna	Ticuna	Phonology
tgk	Tigak	1	No tones	-2.71666666667	150.8	Oceanic	Austronesian	Phonology
tgr	Tigré	1	No tones	16.5	38.5	Semitic	Afro-Asiatic	Phonology
try	Tiruray	1	No tones	6.75	124.166666667	Bilic	Austronesian	Phonology
twn	Tiwa (Northern)	2	Simple tone system	36.5	-105.5	Kiowa-Tanoan	Kiowa-Tanoan	Phonology
tiw	Tiwi	1	No tones	-11.5	131.0	Tiwian	Tiwian	Phonology
tlp	Tlapanec	3	Complex tone system	17.0833333333	-99.0	Subtiaba-Tlapanec	Oto-Manguean	Phonology
tli	Tlingit	2	Simple tone system	59.0	-135.0	Tlingit	Na-Dene	Phonology
toa	Toaripi	1	No tones	-8.33333333333	146.25	Eleman	Eleman	Phonology
tol	Tol	1	No tones	14.6666666667	-87.0	Tol	Tol	Phonology
ton	Tonkawa	1	No tones	30.25	-96.75	Tonkawa	Tonkawa	Phonology
dts	Toro So	2	Simple tone system	14.4166666667	-3.25	Dogon	Dogon	Phonology
tpa	Totonac (Papantla)	1	No tones	20.3333333333	-97.3333333333	Totonacan	Totonacan	Phonology
tru	Trumai	1	No tones	-11.9166666667	-53.5833333333	Trumai	Trumai	Phonology
tsi	Tsimshian (Coast)	1	No tones	52.5	-129.0	Tsimshianic	Tsimshianic	Phonology
tso	Tsou	1	No tones	23.5	120.75	Tsou	Austronesian	Phonology
ttu	Tsova-Tush	1	No tones	42.5	45.5	Nakh	Nakh-Daghestanian	Phonology
tug	Tuareg (Ahaggar)	1	No tones	23.0	6.0	Berber	Afro-Asiatic	Phonology
tuk	Tukang Besi	1	No tones	-5.5	123.5	Celebic	Austronesian	Phonology
tul	Tulu	1	No tones	12.75	75.3333333333	Dravidian	Dravidian	Phonology
tur	Turkish	1	No tones	39.0	35.0	Turkic	Altaic	Phonology
tuv	Tuvan	1	No tones	52.0	95.0	Turkic	Altaic	Phonology
tza	Tzeltal (Aguacatenango)	1	No tones	16.4166666667	-92.5	Mayan	Mayan	Phonology
umb	UMbundu	2	Simple tone system	-12.5	15.0	Bantu	Niger-Congo	Phonology
una	Una	2	Simple tone system	-4.66666666667	140.0	Mek	Trans-New Guinea	Phonology
ung	Ungarinjin	1	No tones	-16.3333333333	126.0	Worrorran	Worrorran	Phonology
urk	Urubú-Kaapor	1	No tones	-2.33333333333	-46.5	Maweti-Guarani	Tupian	Phonology
usa	Usan	1	No tones	-4.83333333333	145.166666667	North Adelbert	Trans-New Guinea	Phonology
uzn	Uzbek (Northern)	1	No tones	40.6666666667	66.5	Turkic	Altaic	Phonology
vie	Vietnamese	3	Complex tone system	10.5	106.5	Vietic	Austro-Asiatic	Phonology
wah	Wahgi	2	Simple tone system	-5.83333333333	144.716666667	Chimbu-Wahgi	Trans-New Guinea	Phonology
bno	Waimaha	2	Simple tone system	0.333333333333	-70.25	Tucanoan	Tucanoan	Phonology
wam	Wambaya	1	No tones	-18.6666666667	135.75	Wambayan	Mirndi	Phonology
wnt	Wantoat	1	No tones	-6.16666666667	146.5	Finisterre	Trans-New Guinea	Phonology
wao	Waorani	1	No tones	-1.0	-76.5	Waorani	Waorani	Phonology
wps	Wapishana	1	No tones	2.66666666667	-60.0	Negro-Roraima	Arawakan	Phonology
wap	Wappo	1	No tones	38.5	-122.5	Wappo	Wappo-Yukian	Phonology
wra	Warao	1	No tones	9.33333333333	-61.6666666667	Warao	Warao	Phonology
wry	Waray (in Australia)	1	No tones	-13.1666666667	131.25	Western Gunwinyguan	Gunwinyguan	Phonology
wrd	Wardaman	1	No tones	-15.5	131.0	Yangmanic	Yangmanic	Phonology
war	Wari'	1	No tones	-11.3333333333	-65.0	Chapacura-Wanham	Chapacura-Wanham	Phonology
wma	West Makian	1	No tones	0.5	127.583333333	North Halmaheran	North Halmaheran	Phonology
wdo	Western Desert (Ooldea)	1	No tones	-30.5	132.0	Western Pama-Nyungan	Pama-Nyungan	Phonology
wic	Wichita	1	No tones	33.3333333333	-97.3333333333	Northern Caddoan	Caddoan	Phonology
wch	Wichí	1	No tones	-22.5	-62.5833333333	Matacoan	Matacoan	Phonology
wmu	Wik Munkan	1	No tones	-13.9166666667	141.75	Northern Pama-Nyungan	Pama-Nyungan	Phonology
win	Wintu	1	No tones	41.0	-122.5	Wintuan	Penutian	Phonology
wiy	Wiyot	1	No tones	40.8333333333	-124.166666667	Wiyot	Algic	Phonology
woi	Woisika	1	No tones	-8.25	124.833333333	Alor-Pantar	Greater West Bomberai	Phonology
wlf	Wolof	1	No tones	15.25	-16.0	Wolof	Niger-Congo	Phonology
wuc	Wu	3	Complex tone system	31.6666666667	119.916666667	Chinese	Sino-Tibetan	Phonology
ygr	Yagaria	2	Simple tone system	-6.33333333333	145.416666667	Siane-Yagaria	Trans-New Guinea	Phonology
yag	Yagua	2	Simple tone system	-3.5	-72.0	Peba-Yaguan	Peba-Yaguan	Phonology
ykt	Yakut	1	No tones	62.0	130.0	Turkic	Altaic	Phonology
yan	Yana	1	No tones	40.5	-122.0	Yana	Hokan	Phonology
yny	Yanyuwa	1	No tones	-16.4166666667	137.166666667	Western Pama-Nyungan	Pama-Nyungan	Phonology
yap	Yapese	1	No tones	9.58333333333	138.166666667	Yapese	Austronesian	Phonology
yaq	Yaqui	2	Simple tone system	27.5	-110.25	Cahita	Uto-Aztecan	Phonology
yar	Yareba	1	No tones	-9.5	148.5	Yareban	Trans-New Guinea	Phonology
yaw	Yawa	1	No tones	-1.75	136.25	Yawa	Yawa	Phonology
yay	Yay	3	Complex tone system	22.4166666667	104.75	Kam-Tai	Tai-Kadai	Phonology
yel	Yelî Dnye	1	No tones	-11.3666666667	154.166666667	Yele	Yele	Phonology
yes	Yessan-Mayo	1	No tones	-4.16666666667	142.583333333	Tama Sepik	Sepik	Phonology
yey	Yeyi	2	Simple tone system	-20.0	23.5	Bantu	Niger-Congo	Phonology
yid	Yidiny	1	No tones	-17.0	145.75	Northern Pama-Nyungan	Pama-Nyungan	Phonology
yim	Yimas	1	No tones	-4.66666666667	143.55	Lower Sepik	Ramu-Lower Sepik	Phonology
yor	Yoruba	3	Complex tone system	8.0	4.33333333333	Defoid	Niger-Congo	Phonology
yct	Yucatec	2	Simple tone system	20.0	-89.0	Mayan	Mayan	Phonology
yuc	Yuchi	1	No tones	35.75	-86.75	Yuchi	Yuchi	Phonology
ycn	Yucuna	1	No tones	-0.75	-71.0	Japura-Colombia	Arawakan	Phonology
yko	Yukaghir (Kolyma)	1	No tones	65.75	150.833333333	Yukaghir	Yukaghir	Phonology
ytu	Yukaghir (Tundra)	1	No tones	69.0	155.0	Yukaghir	Yukaghir	Phonology
yul	Yulu	3	Complex tone system	8.5	25.25	Bongo-Bagirmi	Central Sudanic	Phonology
yus	Yupik (Siberian)	1	No tones	65.0	-173.0	Eskimo	Eskimo-Aleut	Phonology
yur	Yurok	1	No tones	41.3333333333	-124.0	Yurok	Algic	Phonology
zan	Zande	2	Simple tone system	4.0	26.0	Ubangi	Niger-Congo	Phonology
zqc	Zoque (Copainalá)	1	No tones	17.0	-93.25	Mixe-Zoque	Mixe-Zoque	Phonology
zul	Zulu	2	Simple tone system	-30.0	30.0	Bantu	Niger-Congo	Phonology
zun	Zuni	1	No tones	35.0833333333	-108.833333333	Zuni	Zuni	Phonology